entity,period,metric,value,unit,row_role,level,src_sheet,src_row,src_col,scale_applied,scale_source,raw_value,flags
아시아,2026.02,"브루나이 > 자산, 총액(OFC4SR) (백만 국내 통화) > 434230.845 > -",10794.604,,data,0,데이터,5,3,1,none,,DITTO_FILLED
아시아,2026.02,"브루나이 > 자산, 중앙 정부 채권(OFCS) (백만 국내 통화) > 179176.299 > -",7626.686,,data,0,데이터,5,4,1,none,,DITTO_FILLED
아시아,2026.02,"브루나이 > 자산, 예금취급기관 채권(OFCS) (백만 국내 통화) > 90262.127 > -",1338.26,,data,0,데이터,5,5,1,none,,DITTO_FILLED
아시아,2026.02,"브루나이 > 자산, 비거주자 채권(OFCS) (백만 국내 통화) > 101366.563 > -",1128.566,,data,0,데이터,5,6,1,none,,DITTO_FILLED
아시아,2026.02,"브루나이 > 자산, 기타 부문 채권(OFCS) (백만 국내 통화) > 25684.58 > -",571.332,,data,0,데이터,5,7,1,none,,DITTO_FILLED
아시아,2026.02,"브루나이 > 자산, 민간 부문 채권(OFCS) (백만 국내 통화) > 25684.28 > -",212.494,,data,0,데이터,5,8,1,none,,DITTO_FILLED
아시아,2026.02,"브루나이 > 자산, 공공 비금융기관 채권(OFCS) (백만 국내 통화) > 0.3 > -",358.838,,data,0,데이터,5,9,1,none,,DITTO_FILLED
아시아,2026.02,"브루나이 > 자산, 국제 유동성, 비거주자 채권(OFC4SR) (백만 USD) > 268.877 > -",893.135,,data,0,데이터,5,11,1,none,,DITTO_FILLED
아시아,2026.03,"브루나이 > 자산, 총액(OFC4SR) (백만 국내 통화) > 432017.972 > -",10936.343,,data,0,데이터,5,12,1,none,,DITTO_FILLED
아시아,2026.03,"브루나이 > 자산, 중앙 정부 채권(OFCS) (백만 국내 통화) > 165048.595 > -",7692.541,,data,0,데이터,5,13,1,none,,DITTO_FILLED
아시아,2026.03,"브루나이 > 자산, 예금취급기관 채권(OFCS) (백만 국내 통화) > 99035.209 > -",1434.704,,data,0,데이터,5,14,1,none,,DITTO_FILLED
아시아,2026.03,"브루나이 > 자산, 비거주자 채권(OFCS) (백만 국내 통화) > 102884.074 > -",1130.597,,data,0,데이터,5,15,1,none,,DITTO_FILLED
아시아,2026.03,"브루나이 > 자산, 기타 부문 채권(OFCS) (백만 국내 통화) > 30463.344 > -",556.417,,data,0,데이터,5,16,1,none,,DITTO_FILLED
아시아,2026.03,"브루나이 > 자산, 민간 부문 채권(OFCS) (백만 국내 통화) > 30462.552 > -",183.332,,data,0,데이터,5,17,1,none,,DITTO_FILLED
아시아,2026.03,"브루나이 > 자산, 공공 비금융기관 채권(OFCS) (백만 국내 통화) > 0.792 > -",373.085,,data,0,데이터,5,18,1,none,,DITTO_FILLED
아시아,2026.03,"브루나이 > 자산, 국제 유동성, 비거주자 채권(OFC4SR) (백만 USD) > 272.786 > -",875.549,,data,0,데이터,5,20,1,none,,DITTO_FILLED
아시아,2026.02,"캄보디아 > 자산, 총액(OFC4SR) (백만 국내 통화) > 434230.845 > -",18139018.403,,data,0,데이터,6,3,1,none,,DITTO_FILLED
아시아,2026.02,"캄보디아 > 자산, 중앙 정부 채권(OFCS) (백만 국내 통화) > 179176.299 > -",84803.29,,data,0,데이터,6,4,1,none,,DITTO_FILLED
아시아,2026.02,"캄보디아 > 자산, 예금취급기관 채권(OFCS) (백만 국내 통화) > 90262.127 > -",5094858.371,,data,0,데이터,6,5,1,none,,DITTO_FILLED
아시아,2026.02,"캄보디아 > 자산, 비거주자 채권(OFCS) (백만 국내 통화) > 101366.563 > -",557911.157,,data,0,데이터,6,6,1,none,,DITTO_FILLED
아시아,2026.02,"캄보디아 > 자산, 기타 부문 채권(OFCS) (백만 국내 통화) > 25684.58 > -",11128608.075,,data,0,데이터,6,7,1,none,,DITTO_FILLED
아시아,2026.02,"캄보디아 > 자산, 민간 부문 채권(OFCS) (백만 국내 통화) > 25684.28 > -",11054854.075,,data,0,데이터,6,8,1,none,,DITTO_FILLED
아시아,2026.02,"캄보디아 > 자산, 공공 비금융기관 채권(OFCS) (백만 국내 통화) > 0.3 > -",73754.0,,data,0,데이터,6,9,1,none,,DITTO_FILLED
아시아,2026.02,"캄보디아 > 자산, 국제 유동성, 비거주자 채권(OFC4SR) (백만 USD) > 268.877 > -",139.13,,data,0,데이터,6,11,1,none,,DITTO_FILLED
아시아,2026.03,"캄보디아 > 자산, 총액(OFC4SR) (백만 국내 통화) > 432017.972 > -",18356586.803,,data,0,데이터,6,12,1,none,,DITTO_FILLED
아시아,2026.03,"캄보디아 > 자산, 중앙 정부 채권(OFCS) (백만 국내 통화) > 165048.595 > -",326956.045,,data,0,데이터,6,13,1,none,,DITTO_FILLED
아시아,2026.03,"캄보디아 > 자산, 예금취급기관 채권(OFCS) (백만 국내 통화) > 99035.209 > -",4890205.292,,data,0,데이터,6,14,1,none,,DITTO_FILLED
아시아,2026.03,"캄보디아 > 자산, 비거주자 채권(OFCS) (백만 국내 통화) > 102884.074 > -",621030.175,,data,0,데이터,6,15,1,none,,DITTO_FILLED
아시아,2026.03,"캄보디아 > 자산, 기타 부문 채권(OFCS) (백만 국내 통화) > 30463.344 > -",11220873.95,,data,0,데이터,6,16,1,none,,DITTO_FILLED
아시아,2026.03,"캄보디아 > 자산, 민간 부문 채권(OFCS) (백만 국내 통화) > 30462.552 > -",11147502.95,,data,0,데이터,6,17,1,none,,DITTO_FILLED
아시아,2026.03,"캄보디아 > 자산, 공공 비금융기관 채권(OFCS) (백만 국내 통화) > 0.792 > -",73371.0,,data,0,데이터,6,18,1,none,,DITTO_FILLED
아시아,2026.03,"캄보디아 > 자산, 국제 유동성, 비거주자 채권(OFC4SR) (백만 USD) > 272.786 > -",155.219,,data,0,데이터,6,20,1,none,,DITTO_FILLED
아시아,2026.02,"인도네시아 > 자산, 총액(OFC4SR) (백만 국내 통화) > 434230.845 > -",2294866025.006,,data,0,데이터,7,3,1,none,,DITTO_FILLED
아시아,2026.02,"인도네시아 > 자산, 중앙 정부 채권(OFCS) (백만 국내 통화) > 179176.299 > -",480155973.05,,data,0,데이터,7,4,1,none,,DITTO_FILLED
아시아,2026.02,"인도네시아 > 자산, 예금취급기관 채권(OFCS) (백만 국내 통화) > 90262.127 > -",256238402.221,,data,0,데이터,7,5,1,none,,DITTO_FILLED
아시아,2026.02,"인도네시아 > 자산, 비거주자 채권(OFCS) (백만 국내 통화) > 101366.563 > -",82239722.791,,data,0,데이터,7,6,1,none,,DITTO_FILLED
아시아,2026.02,"인도네시아 > 자산, 기타 부문 채권(OFCS) (백만 국내 통화) > 25684.58 > -",1093155525.308,,data,0,데이터,7,7,1,none,,DITTO_FILLED
아시아,2026.02,"인도네시아 > 자산, 민간 부문 채권(OFCS) (백만 국내 통화) > 25684.28 > -",1093155525.308,,data,0,데이터,7,8,1,none,,DITTO_FILLED
아시아,2026.02,"인도네시아 > 자산, 공공 비금융기관 채권(OFCS) (백만 국내 통화) > 0.3 > -",,,data,0,데이터,7,9,1,none,,DITTO_FILLED
아시아,2026.02,"인도네시아 > 자산, 국제 유동성, 비거주자 채권(OFC4SR) (백만 USD) > 268.877 > -",4901.348,,data,0,데이터,7,11,1,none,,DITTO_FILLED
아시아,2026.03,"인도네시아 > 자산, 총액(OFC4SR) (백만 국내 통화) > 432017.972 > -",2257425031.547,,data,0,데이터,7,12,1,none,,DITTO_FILLED
아시아,2026.03,"인도네시아 > 자산, 중앙 정부 채권(OFCS) (백만 국내 통화) > 165048.595 > -",480305169.649,,data,0,데이터,7,13,1,none,,DITTO_FILLED
아시아,2026.03,"인도네시아 > 자산, 예금취급기관 채권(OFCS) (백만 국내 통화) > 99035.209 > -",241627663.157,,data,0,데이터,7,14,1,none,,DITTO_FILLED
아시아,2026.03,"인도네시아 > 자산, 비거주자 채권(OFCS) (백만 국내 통화) > 102884.074 > -",81117291.166,,data,0,데이터,7,15,1,none,,DITTO_FILLED
아시아,2026.03,"인도네시아 > 자산, 기타 부문 채권(OFCS) (백만 국내 통화) > 30463.344 > -",1075785171.83,,data,0,데이터,7,16,1,none,,DITTO_FILLED
아시아,2026.03,"인도네시아 > 자산, 민간 부문 채권(OFCS) (백만 국내 통화) > 30462.552 > -",1075785171.83,,data,0,데이터,7,17,1,none,,DITTO_FILLED
아시아,2026.03,"인도네시아 > 자산, 공공 비금융기관 채권(OFCS) (백만 국내 통화) > 0.792 > -",,,data,0,데이터,7,18,1,none,,DITTO_FILLED
아시아,2026.03,"인도네시아 > 자산, 국제 유동성, 비거주자 채권(OFC4SR) (백만 USD) > 272.786 > -",4771.886,,data,0,데이터,7,20,1,none,,DITTO_FILLED
아시아,2026.02,"카자흐스탄 > 자산, 총액(OFC4SR) (백만 국내 통화) > 434230.845 > -",,,data,0,데이터,8,3,1,none,,DITTO_FILLED
아시아,2026.02,"카자흐스탄 > 자산, 중앙 정부 채권(OFCS) (백만 국내 통화) > 179176.299 > -",,,data,0,데이터,8,4,1,none,,DITTO_FILLED
아시아,2026.02,"카자흐스탄 > 자산, 예금취급기관 채권(OFCS) (백만 국내 통화) > 90262.127 > -",,,data,0,데이터,8,5,1,none,,DITTO_FILLED
아시아,2026.02,"카자흐스탄 > 자산, 비거주자 채권(OFCS) (백만 국내 통화) > 101366.563 > -",,,data,0,데이터,8,6,1,none,,DITTO_FILLED
아시아,2026.02,"카자흐스탄 > 자산, 기타 부문 채권(OFCS) (백만 국내 통화) > 25684.58 > -",,,data,0,데이터,8,7,1,none,,DITTO_FILLED
아시아,2026.02,"카자흐스탄 > 자산, 민간 부문 채권(OFCS) (백만 국내 통화) > 25684.28 > -",,,data,0,데이터,8,8,1,none,,DITTO_FILLED
아시아,2026.02,"카자흐스탄 > 자산, 공공 비금융기관 채권(OFCS) (백만 국내 통화) > 0.3 > -",,,data,0,데이터,8,9,1,none,,DITTO_FILLED
아시아,2026.02,"카자흐스탄 > 자산, 국제 유동성, 비거주자 채권(OFC4SR) (백만 USD) > 268.877 > -",,,data,0,데이터,8,11,1,none,,DITTO_FILLED
아시아,2026.03,"카자흐스탄 > 자산, 총액(OFC4SR) (백만 국내 통화) > 432017.972 > -",39238783.983,,data,0,데이터,8,12,1,none,,DITTO_FILLED
아시아,2026.03,"카자흐스탄 > 자산, 중앙 정부 채권(OFCS) (백만 국내 통화) > 165048.595 > -",13745513.942,,data,0,데이터,8,13,1,none,,DITTO_FILLED
아시아,2026.03,"카자흐스탄 > 자산, 예금취급기관 채권(OFCS) (백만 국내 통화) > 99035.209 > -",3322640.903,,data,0,데이터,8,14,1,none,,DITTO_FILLED
아시아,2026.03,"카자흐스탄 > 자산, 비거주자 채권(OFCS) (백만 국내 통화) > 102884.074 > -",11190553.697,,data,0,데이터,8,15,1,none,,DITTO_FILLED
아시아,2026.03,"카자흐스탄 > 자산, 기타 부문 채권(OFCS) (백만 국내 통화) > 30463.344 > -",6043911.681,,data,0,데이터,8,16,1,none,,DITTO_FILLED
아시아,2026.03,"카자흐스탄 > 자산, 민간 부문 채권(OFCS) (백만 국내 통화) > 30462.552 > -",2832919.307,,data,0,데이터,8,17,1,none,,DITTO_FILLED
아시아,2026.03,"카자흐스탄 > 자산, 공공 비금융기관 채권(OFCS) (백만 국내 통화) > 0.792 > -",1946587.636,,data,0,데이터,8,18,1,none,,DITTO_FILLED
아시아,2026.03,"카자흐스탄 > 자산, 지방 정부 채권(OFCS) (백만 국내 통화) > - > -",1264404.738,,data,0,데이터,8,19,1,none,,DITTO_FILLED
아시아,2026.03,"카자흐스탄 > 자산, 국제 유동성, 비거주자 채권(OFC4SR) (백만 USD) > 272.786 > -",23373.548,,data,0,데이터,8,20,1,none,,DITTO_FILLED
아시아,2026.02,"몰디브 > 자산, 총액(OFC4SR) (백만 국내 통화) > 434230.845 > -",37775.07,,data,0,데이터,9,3,1,none,,DITTO_FILLED
아시아,2026.02,"몰디브 > 자산, 중앙 정부 채권(OFCS) (백만 국내 통화) > 179176.299 > -",22579.291,,data,0,데이터,9,4,1,none,,DITTO_FILLED
아시아,2026.02,"몰디브 > 자산, 예금취급기관 채권(OFCS) (백만 국내 통화) > 90262.127 > -",5443.018,,data,0,데이터,9,5,1,none,,DITTO_FILLED
아시아,2026.02,"몰디브 > 자산, 비거주자 채권(OFCS) (백만 국내 통화) > 101366.563 > -",1201.016,,data,0,데이터,9,6,1,none,,DITTO_FILLED
아시아,2026.02,"몰디브 > 자산, 기타 부문 채권(OFCS) (백만 국내 통화) > 25684.58 > -",6627.355,,data,0,데이터,9,7,1,none,,DITTO_FILLED
아시아,2026.02,"몰디브 > 자산, 민간 부문 채권(OFCS) (백만 국내 통화) > 25684.28 > -",4588.586,,data,0,데이터,9,8,1,none,,DITTO_FILLED
아시아,2026.02,"몰디브 > 자산, 공공 비금융기관 채권(OFCS) (백만 국내 통화) > 0.3 > -",2038.769,,data,0,데이터,9,9,1,none,,DITTO_FILLED
아시아,2026.02,"몰디브 > 자산, 국제 유동성, 비거주자 채권(OFC4SR) (백만 USD) > 268.877 > -",77.887,,data,0,데이터,9,11,1,none,,DITTO_FILLED
아시아,2026.03,"몰디브 > 자산, 총액(OFC4SR) (백만 국내 통화) > 432017.972 > -",38224.302,,data,0,데이터,9,12,1,none,,DITTO_FILLED
아시아,2026.03,"몰디브 > 자산, 중앙 정부 채권(OFCS) (백만 국내 통화) > 165048.595 > -",22753.801,,data,0,데이터,9,13,1,none,,DITTO_FILLED
아시아,2026.03,"몰디브 > 자산, 예금취급기관 채권(OFCS) (백만 국내 통화) > 99035.209 > -",5555.037,,data,0,데이터,9,14,1,none,,DITTO_FILLED
아시아,2026.03,"몰디브 > 자산, 비거주자 채권(OFCS) (백만 국내 통화) > 102884.074 > -",1212.127,,data,0,데이터,9,15,1,none,,DITTO_FILLED
아시아,2026.03,"몰디브 > 자산, 기타 부문 채권(OFCS) (백만 국내 통화) > 30463.344 > -",6793.841,,data,0,데이터,9,16,1,none,,DITTO_FILLED
아시아,2026.03,"몰디브 > 자산, 민간 부문 채권(OFCS) (백만 국내 통화) > 30462.552 > -",4700.017,,data,0,데이터,9,17,1,none,,DITTO_FILLED
아시아,2026.03,"몰디브 > 자산, 공공 비금융기관 채권(OFCS) (백만 국내 통화) > 0.792 > -",2093.824,,data,0,데이터,9,18,1,none,,DITTO_FILLED
아시아,2026.03,"몰디브 > 자산, 국제 유동성, 비거주자 채권(OFC4SR) (백만 USD) > 272.786 > -",78.607,,data,0,데이터,9,20,1,none,,DITTO_FILLED
아시아,2026.04,"몰디브 > 자산, 총액(OFC4SR) (백만 국내 통화) > - > 16683.598",38849.827,,data,0,데이터,9,21,1,none,,DITTO_FILLED
아시아,2026.04,"몰디브 > 자산, 중앙 정부 채권(OFCS) (백만 국내 통화) > - > 779.539",22854.379,,data,0,데이터,9,22,1,none,,DITTO_FILLED
아시아,2026.04,"몰디브 > 자산, 예금취급기관 채권(OFCS) (백만 국내 통화) > - > 1840.207",5814.535,,data,0,데이터,9,23,1,none,,DITTO_FILLED
아시아,2026.04,"몰디브 > 자산, 비거주자 채권(OFCS) (백만 국내 통화) > - > 276.868",1413.206,,data,0,데이터,9,24,1,none,,DITTO_FILLED
아시아,2026.04,"몰디브 > 자산, 기타 부문 채권(OFCS) (백만 국내 통화) > - > 2690.702",6928.304,,data,0,데이터,9,25,1,none,,DITTO_FILLED
아시아,2026.04,"몰디브 > 자산, 민간 부문 채권(OFCS) (백만 국내 통화) > - > 2690.702",4744.706,,data,0,데이터,9,26,1,none,,DITTO_FILLED
아시아,2026.04,"몰디브 > 자산, 공공 비금융기관 채권(OFCS) (백만 국내 통화) > - > -",2183.598,,data,0,데이터,9,27,1,none,,DITTO_FILLED
아시아,2026.04,"몰디브 > 자산, 국제 유동성, 비거주자 채권(OFC4SR) (백만 USD) > - > 162.863",91.648,,data,0,데이터,9,28,1,none,,DITTO_FILLED
북아메리카,2026.02,"멕시코 > 자산, 총액(OFC4SR) (백만 국내 통화) > 434230.845 > -",11511559.389,,data,0,데이터,10,3,1,none,,
북아메리카,2026.02,"멕시코 > 자산, 중앙 정부 채권(OFCS) (백만 국내 통화) > 179176.299 > -",5507985.239,,data,0,데이터,10,4,1,none,,
북아메리카,2026.02,"멕시코 > 자산, 예금취급기관 채권(OFCS) (백만 국내 통화) > 90262.127 > -",814882.771,,data,0,데이터,10,5,1,none,,
북아메리카,2026.02,"멕시코 > 자산, 비거주자 채권(OFCS) (백만 국내 통화) > 101366.563 > -",0.249,,data,0,데이터,10,6,1,none,,
북아메리카,2026.02,"멕시코 > 자산, 기타 부문 채권(OFCS) (백만 국내 통화) > 25684.58 > -",3040193.686,,data,0,데이터,10,7,1,none,,
북아메리카,2026.02,"멕시코 > 자산, 민간 부문 채권(OFCS) (백만 국내 통화) > 25684.28 > -",3038189.21,,data,0,데이터,10,8,1,none,,
북아메리카,2026.02,"멕시코 > 자산, 공공 비금융기관 채권(OFCS) (백만 국내 통화) > 0.3 > -",2004.477,,data,0,데이터,10,9,1,none,,
북아메리카,2026.02,"멕시코 > 자산, 국제 유동성, 비거주자 채권(OFC4SR) (백만 USD) > 268.877 > -",0.014,,data,0,데이터,10,11,1,none,,
북아메리카,2026.03,"멕시코 > 자산, 총액(OFC4SR) (백만 국내 통화) > 432017.972 > -",11085002.381,,data,0,데이터,10,12,1,none,,
북아메리카,2026.03,"멕시코 > 자산, 중앙 정부 채권(OFCS) (백만 국내 통화) > 165048.595 > -",5243351.925,,data,0,데이터,10,13,1,none,,
북아메리카,2026.03,"멕시코 > 자산, 예금취급기관 채권(OFCS) (백만 국내 통화) > 99035.209 > -",824627.784,,data,0,데이터,10,14,1,none,,
북아메리카,2026.03,"멕시코 > 자산, 비거주자 채권(OFCS) (백만 국내 통화) > 102884.074 > -",0.351,,data,0,데이터,10,15,1,none,,
북아메리카,2026.03,"멕시코 > 자산, 기타 부문 채권(OFCS) (백만 국내 통화) > 30463.344 > -",3049326.101,,data,0,데이터,10,16,1,none,,
북아메리카,2026.03,"멕시코 > 자산, 민간 부문 채권(OFCS) (백만 국내 통화) > 30462.552 > -",3047321.621,,data,0,데이터,10,17,1,none,,
북아메리카,2026.03,"멕시코 > 자산, 공공 비금융기관 채권(OFCS) (백만 국내 통화) > 0.792 > -",2004.48,,data,0,데이터,10,18,1,none,,
북아메리카,2026.03,"멕시코 > 자산, 국제 유동성, 비거주자 채권(OFC4SR) (백만 USD) > 272.786 > -",0.02,,data,0,데이터,10,20,1,none,,
남아메리카,2026.02,"칠레 > 자산, 총액(OFC4SR) (백만 국내 통화) > 434230.845 > -",447233622.109,,data,0,데이터,11,3,1,none,,
남아메리카,2026.02,"칠레 > 자산, 중앙 정부 채권(OFCS) (백만 국내 통화) > 179176.299 > -",52053152.591,,data,0,데이터,11,4,1,none,,
남아메리카,2026.02,"칠레 > 자산, 예금취급기관 채권(OFCS) (백만 국내 통화) > 90262.127 > -",92082894.341,,data,0,데이터,11,5,1,none,,
남아메리카,2026.02,"칠레 > 자산, 비거주자 채권(OFCS) (백만 국내 통화) > 101366.563 > -",150693360.635,,data,0,데이터,11,6,1,none,,
남아메리카,2026.02,"칠레 > 자산, 기타 부문 채권(OFCS) (백만 국내 통화) > 25684.58 > -",113016978.511,,data,0,데이터,11,7,1,none,,
남아메리카,2026.02,"칠레 > 자산, 민간 부문 채권(OFCS) (백만 국내 통화) > 25684.28 > -",110924447.735,,data,0,데이터,11,8,1,none,,
남아메리카,2026.02,"칠레 > 자산, 공공 비금융기관 채권(OFCS) (백만 국내 통화) > 0.3 > -",2092530.775,,data,0,데이터,11,9,1,none,,
남아메리카,2026.02,"칠레 > 자산, 국제 유동성, 비거주자 채권(OFC4SR) (백만 USD) > 268.877 > -",174982.711,,data,0,데이터,11,11,1,none,,
남아메리카,2026.03,"칠레 > 자산, 총액(OFC4SR) (백만 국내 통화) > 432017.972 > -",442855160.517,,data,0,데이터,11,12,1,none,,
남아메리카,2026.03,"칠레 > 자산, 중앙 정부 채권(OFCS) (백만 국내 통화) > 165048.595 > -",52255536.611,,data,0,데이터,11,13,1,none,,
남아메리카,2026.03,"칠레 > 자산, 예금취급기관 채권(OFCS) (백만 국내 통화) > 99035.209 > -",92467584.151,,data,0,데이터,11,14,1,none,,
남아메리카,2026.03,"칠레 > 자산, 비거주자 채권(OFCS) (백만 국내 통화) > 102884.074 > -",148556379.858,,data,0,데이터,11,15,1,none,,
남아메리카,2026.03,"칠레 > 자산, 기타 부문 채권(OFCS) (백만 국내 통화) > 30463.344 > -",111558191.753,,data,0,데이터,11,16,1,none,,
남아메리카,2026.03,"칠레 > 자산, 민간 부문 채권(OFCS) (백만 국내 통화) > 30462.552 > -",109465660.977,,data,0,데이터,11,17,1,none,,
남아메리카,2026.03,"칠레 > 자산, 공공 비금융기관 채권(OFCS) (백만 국내 통화) > 0.792 > -",2092530.775,,data,0,데이터,11,18,1,none,,
남아메리카,2026.03,"칠레 > 자산, 국제 유동성, 비거주자 채권(OFC4SR) (백만 USD) > 272.786 > -",159468.832,,data,0,데이터,11,20,1,none,,
남아메리카,2026.02,"코스타리카 > 자산, 총액(OFC4SR) (백만 국내 통화) > 434230.845 > -",15116469.126,,data,0,데이터,12,3,1,none,,DITTO_FILLED
남아메리카,2026.02,"코스타리카 > 자산, 중앙 정부 채권(OFCS) (백만 국내 통화) > 179176.299 > -",7986480.249,,data,0,데이터,12,4,1,none,,DITTO_FILLED
남아메리카,2026.02,"코스타리카 > 자산, 예금취급기관 채권(OFCS) (백만 국내 통화) > 90262.127 > -",2869129.263,,data,0,데이터,12,5,1,none,,DITTO_FILLED
남아메리카,2026.02,"코스타리카 > 자산, 비거주자 채권(OFCS) (백만 국내 통화) > 101366.563 > -",2559307.163,,data,0,데이터,12,6,1,none,,DITTO_FILLED
남아메리카,2026.02,"코스타리카 > 자산, 기타 부문 채권(OFCS) (백만 국내 통화) > 25684.58 > -",720481.19,,data,0,데이터,12,7,1,none,,DITTO_FILLED
남아메리카,2026.02,"코스타리카 > 자산, 민간 부문 채권(OFCS) (백만 국내 통화) > 25684.28 > -",508491.088,,data,0,데이터,12,8,1,none,,DITTO_FILLED
남아메리카,2026.02,"코스타리카 > 자산, 공공 비금융기관 채권(OFCS) (백만 국내 통화) > 0.3 > -",210807.727,,data,0,데이터,12,9,1,none,,DITTO_FILLED
남아메리카,2026.02,"코스타리카 > 자산, 지방 정부 채권(OFCS) (백만 국내 통화) > - > -",1182.375,,data,0,데이터,12,10,1,none,,DITTO_FILLED
남아메리카,2026.02,"코스타리카 > 자산, 국제 유동성, 비거주자 채권(OFC4SR) (백만 USD) > 268.877 > -",5396.536,,data,0,데이터,12,11,1,none,,DITTO_FILLED
남아메리카,2026.03,"코스타리카 > 자산, 총액(OFC4SR) (백만 국내 통화) > 432017.972 > -",15095759.735,,data,0,데이터,12,12,1,none,,DITTO_FILLED
남아메리카,2026.03,"코스타리카 > 자산, 중앙 정부 채권(OFCS) (백만 국내 통화) > 165048.595 > -",7967001.262,,data,0,데이터,12,13,1,none,,DITTO_FILLED
남아메리카,2026.03,"코스타리카 > 자산, 예금취급기관 채권(OFCS) (백만 국내 통화) > 99035.209 > -",2837249.389,,data,0,데이터,12,14,1,none,,DITTO_FILLED
남아메리카,2026.03,"코스타리카 > 자산, 비거주자 채권(OFCS) (백만 국내 통화) > 102884.074 > -",2558287.496,,data,0,데이터,12,15,1,none,,DITTO_FILLED
남아메리카,2026.03,"코스타리카 > 자산, 기타 부문 채권(OFCS) (백만 국내 통화) > 30463.344 > -",720982.237,,data,0,데이터,12,16,1,none,,DITTO_FILLED
남아메리카,2026.03,"코스타리카 > 자산, 민간 부문 채권(OFCS) (백만 국내 통화) > 30462.552 > -",508298.15,,data,0,데이터,12,17,1,none,,DITTO_FILLED
남아메리카,2026.03,"코스타리카 > 자산, 공공 비금융기관 채권(OFCS) (백만 국내 통화) > 0.792 > -",211501.712,,data,0,데이터,12,18,1,none,,DITTO_FILLED
남아메리카,2026.03,"코스타리카 > 자산, 지방 정부 채권(OFCS) (백만 국내 통화) > - > -",1182.375,,data,0,데이터,12,19,1,none,,DITTO_FILLED
남아메리카,2026.03,"코스타리카 > 자산, 국제 유동성, 비거주자 채권(OFC4SR) (백만 USD) > 272.786 > -",5468.179,,data,0,데이터,12,20,1,none,,DITTO_FILLED
남아메리카,2026.02,"도미니카공화국 > 자산, 총액(OFC4SR) (백만 국내 통화) > 434230.845 > -",1632027.692,,data,0,데이터,13,3,1,none,,DITTO_FILLED
남아메리카,2026.02,"도미니카공화국 > 자산, 중앙 정부 채권(OFCS) (백만 국내 통화) > 179176.299 > -",881509.492,,data,0,데이터,13,4,1,none,,DITTO_FILLED
남아메리카,2026.02,"도미니카공화국 > 자산, 예금취급기관 채권(OFCS) (백만 국내 통화) > 90262.127 > -",330969.566,,data,0,데이터,13,5,1,none,,DITTO_FILLED
남아메리카,2026.02,"도미니카공화국 > 자산, 비거주자 채권(OFCS) (백만 국내 통화) > 101366.563 > -",8441.032,,data,0,데이터,13,6,1,none,,DITTO_FILLED
남아메리카,2026.02,"도미니카공화국 > 자산, 기타 부문 채권(OFCS) (백만 국내 통화) > 25684.58 > -",75211.647,,data,0,데이터,13,7,1,none,,DITTO_FILLED
남아메리카,2026.02,"도미니카공화국 > 자산, 민간 부문 채권(OFCS) (백만 국내 통화) > 25684.28 > -",73346.248,,data,0,데이터,13,8,1,none,,DITTO_FILLED
남아메리카,2026.02,"도미니카공화국 > 자산, 공공 비금융기관 채권(OFCS) (백만 국내 통화) > 0.3 > -",1865.398,,data,0,데이터,13,9,1,none,,DITTO_FILLED
남아메리카,2026.02,"도미니카공화국 > 자산, 국제 유동성, 비거주자 채권(OFC4SR) (백만 USD) > 268.877 > -",,,data,0,데이터,13,11,1,none,,DITTO_FILLED
남아메리카,2026.03,"도미니카공화국 > 자산, 총액(OFC4SR) (백만 국내 통화) > 432017.972 > -",1632027.692,,data,0,데이터,13,12,1,none,,DITTO_FILLED
남아메리카,2026.03,"도미니카공화국 > 자산, 중앙 정부 채권(OFCS) (백만 국내 통화) > 165048.595 > -",881509.492,,data,0,데이터,13,13,1,none,,DITTO_FILLED
남아메리카,2026.03,"도미니카공화국 > 자산, 예금취급기관 채권(OFCS) (백만 국내 통화) > 99035.209 > -",330969.566,,data,0,데이터,13,14,1,none,,DITTO_FILLED
남아메리카,2026.03,"도미니카공화국 > 자산, 비거주자 채권(OFCS) (백만 국내 통화) > 102884.074 > -",8441.032,,data,0,데이터,13,15,1,none,,DITTO_FILLED
남아메리카,2026.03,"도미니카공화국 > 자산, 기타 부문 채권(OFCS) (백만 국내 통화) > 30463.344 > -",75211.647,,data,0,데이터,13,16,1,none,,DITTO_FILLED
남아메리카,2026.03,"도미니카공화국 > 자산, 민간 부문 채권(OFCS) (백만 국내 통화) > 30462.552 > -",73346.248,,data,0,데이터,13,17,1,none,,DITTO_FILLED
남아메리카,2026.03,"도미니카공화국 > 자산, 공공 비금융기관 채권(OFCS) (백만 국내 통화) > 0.792 > -",1865.398,,data,0,데이터,13,18,1,none,,DITTO_FILLED
남아메리카,2026.03,"도미니카공화국 > 자산, 국제 유동성, 비거주자 채권(OFC4SR) (백만 USD) > 272.786 > -",,,data,0,데이터,13,20,1,none,,DITTO_FILLED
남아메리카,2026.02,"에콰도르 > 자산, 총액(OFC4SR) (백만 국내 통화) > 434230.845 > -",,,data,0,데이터,14,3,1,none,,DITTO_FILLED
남아메리카,2026.02,"에콰도르 > 자산, 중앙 정부 채권(OFCS) (백만 국내 통화) > 179176.299 > -",,,data,0,데이터,14,4,1,none,,DITTO_FILLED
남아메리카,2026.02,"에콰도르 > 자산, 예금취급기관 채권(OFCS) (백만 국내 통화) > 90262.127 > -",,,data,0,데이터,14,5,1,none,,DITTO_FILLED
남아메리카,2026.02,"에콰도르 > 자산, 비거주자 채권(OFCS) (백만 국내 통화) > 101366.563 > -",,,data,0,데이터,14,6,1,none,,DITTO_FILLED
남아메리카,2026.02,"에콰도르 > 자산, 기타 부문 채권(OFCS) (백만 국내 통화) > 25684.58 > -",,,data,0,데이터,14,7,1,none,,DITTO_FILLED
남아메리카,2026.02,"에콰도르 > 자산, 민간 부문 채권(OFCS) (백만 국내 통화) > 25684.28 > -",,,data,0,데이터,14,8,1,none,,DITTO_FILLED
남아메리카,2026.02,"에콰도르 > 자산, 공공 비금융기관 채권(OFCS) (백만 국내 통화) > 0.3 > -",,,data,0,데이터,14,9,1,none,,DITTO_FILLED
남아메리카,2026.02,"에콰도르 > 자산, 국제 유동성, 비거주자 채권(OFC4SR) (백만 USD) > 268.877 > -",186.902,,data,0,데이터,14,11,1,none,,DITTO_FILLED
남아메리카,2026.03,"에콰도르 > 자산, 총액(OFC4SR) (백만 국내 통화) > 432017.972 > -",,,data,0,데이터,14,12,1,none,,DITTO_FILLED
남아메리카,2026.03,"에콰도르 > 자산, 중앙 정부 채권(OFCS) (백만 국내 통화) > 165048.595 > -",,,data,0,데이터,14,13,1,none,,DITTO_FILLED
남아메리카,2026.03,"에콰도르 > 자산, 예금취급기관 채권(OFCS) (백만 국내 통화) > 99035.209 > -",,,data,0,데이터,14,14,1,none,,DITTO_FILLED
남아메리카,2026.03,"에콰도르 > 자산, 비거주자 채권(OFCS) (백만 국내 통화) > 102884.074 > -",,,data,0,데이터,14,15,1,none,,DITTO_FILLED
남아메리카,2026.03,"에콰도르 > 자산, 기타 부문 채권(OFCS) (백만 국내 통화) > 30463.344 > -",,,data,0,데이터,14,16,1,none,,DITTO_FILLED
남아메리카,2026.03,"에콰도르 > 자산, 민간 부문 채권(OFCS) (백만 국내 통화) > 30462.552 > -",,,data,0,데이터,14,17,1,none,,DITTO_FILLED
남아메리카,2026.03,"에콰도르 > 자산, 공공 비금융기관 채권(OFCS) (백만 국내 통화) > 0.792 > -",,,data,0,데이터,14,18,1,none,,DITTO_FILLED
남아메리카,2026.03,"에콰도르 > 자산, 국제 유동성, 비거주자 채권(OFC4SR) (백만 USD) > 272.786 > -",162.574,,data,0,데이터,14,20,1,none,,DITTO_FILLED
남아메리카,2026.04,"에콰도르 > 자산, 국제 유동성, 비거주자 채권(OFC4SR) (백만 USD) > - > 162.863",151.44,,data,0,데이터,14,28,1,none,,DITTO_FILLED
남아메리카,2026.02,"엘살바도르 > 자산, 총액(OFC4SR) (백만 국내 통화) > 434230.845 > -",,,data,0,데이터,15,3,1,none,,DITTO_FILLED
남아메리카,2026.02,"엘살바도르 > 자산, 중앙 정부 채권(OFCS) (백만 국내 통화) > 179176.299 > -",,,data,0,데이터,15,4,1,none,,DITTO_FILLED
남아메리카,2026.02,"엘살바도르 > 자산, 예금취급기관 채권(OFCS) (백만 국내 통화) > 90262.127 > -",,,data,0,데이터,15,5,1,none,,DITTO_FILLED
남아메리카,2026.02,"엘살바도르 > 자산, 비거주자 채권(OFCS) (백만 국내 통화) > 101366.563 > -",,,data,0,데이터,15,6,1,none,,DITTO_FILLED
남아메리카,2026.02,"엘살바도르 > 자산, 기타 부문 채권(OFCS) (백만 국내 통화) > 25684.58 > -",,,data,0,데이터,15,7,1,none,,DITTO_FILLED
남아메리카,2026.02,"엘살바도르 > 자산, 민간 부문 채권(OFCS) (백만 국내 통화) > 25684.28 > -",,,data,0,데이터,15,8,1,none,,DITTO_FILLED
남아메리카,2026.02,"엘살바도르 > 자산, 공공 비금융기관 채권(OFCS) (백만 국내 통화) > 0.3 > -",,,data,0,데이터,15,9,1,none,,DITTO_FILLED
남아메리카,2026.02,"엘살바도르 > 자산, 국제 유동성, 비거주자 채권(OFC4SR) (백만 USD) > 268.877 > -",1300.543,,data,0,데이터,15,11,1,none,,DITTO_FILLED
남아메리카,2026.03,"엘살바도르 > 자산, 총액(OFC4SR) (백만 국내 통화) > 432017.972 > -",,,data,0,데이터,15,12,1,none,,DITTO_FILLED
남아메리카,2026.03,"엘살바도르 > 자산, 중앙 정부 채권(OFCS) (백만 국내 통화) > 165048.595 > -",,,data,0,데이터,15,13,1,none,,DITTO_FILLED
남아메리카,2026.03,"엘살바도르 > 자산, 예금취급기관 채권(OFCS) (백만 국내 통화) > 99035.209 > -",,,data,0,데이터,15,14,1,none,,DITTO_FILLED
남아메리카,2026.03,"엘살바도르 > 자산, 비거주자 채권(OFCS) (백만 국내 통화) > 102884.074 > -",,,data,0,데이터,15,15,1,none,,DITTO_FILLED
남아메리카,2026.03,"엘살바도르 > 자산, 기타 부문 채권(OFCS) (백만 국내 통화) > 30463.344 > -",,,data,0,데이터,15,16,1,none,,DITTO_FILLED
남아메리카,2026.03,"엘살바도르 > 자산, 민간 부문 채권(OFCS) (백만 국내 통화) > 30462.552 > -",,,data,0,데이터,15,17,1,none,,DITTO_FILLED
남아메리카,2026.03,"엘살바도르 > 자산, 공공 비금융기관 채권(OFCS) (백만 국내 통화) > 0.792 > -",,,data,0,데이터,15,18,1,none,,DITTO_FILLED
남아메리카,2026.03,"엘살바도르 > 자산, 국제 유동성, 비거주자 채권(OFC4SR) (백만 USD) > 272.786 > -",1276.618,,data,0,데이터,15,20,1,none,,DITTO_FILLED
남아메리카,2026.04,"엘살바도르 > 자산, 국제 유동성, 비거주자 채권(OFC4SR) (백만 USD) > - > 162.863",1349.313,,data,0,데이터,15,28,1,none,,DITTO_FILLED
남아메리카,2026.02,"과테말라 > 자산, 총액(OFC4SR) (백만 국내 통화) > 434230.845 > -",21112.883,,data,0,데이터,16,3,1,none,,DITTO_FILLED
남아메리카,2026.02,"과테말라 > 자산, 중앙 정부 채권(OFCS) (백만 국내 통화) > 179176.299 > -",4852.735,,data,0,데이터,16,4,1,none,,DITTO_FILLED
남아메리카,2026.02,"과테말라 > 자산, 예금취급기관 채권(OFCS) (백만 국내 통화) > 90262.127 > -",4420.111,,data,0,데이터,16,5,1,none,,DITTO_FILLED
남아메리카,2026.02,"과테말라 > 자산, 비거주자 채권(OFCS) (백만 국내 통화) > 101366.563 > -",70.861,,data,0,데이터,16,6,1,none,,DITTO_FILLED
남아메리카,2026.02,"과테말라 > 자산, 기타 부문 채권(OFCS) (백만 국내 통화) > 25684.58 > -",6324.688,,data,0,데이터,16,7,1,none,,DITTO_FILLED
남아메리카,2026.02,"과테말라 > 자산, 민간 부문 채권(OFCS) (백만 국내 통화) > 25684.28 > -",6324.688,,data,0,데이터,16,8,1,none,,DITTO_FILLED
남아메리카,2026.02,"과테말라 > 자산, 공공 비금융기관 채권(OFCS) (백만 국내 통화) > 0.3 > -",,,data,0,데이터,16,9,1,none,,DITTO_FILLED
남아메리카,2026.02,"과테말라 > 자산, 국제 유동성, 비거주자 채권(OFC4SR) (백만 USD) > 268.877 > -",9.245,,data,0,데이터,16,11,1,none,,DITTO_FILLED
남아메리카,2026.03,"과테말라 > 자산, 총액(OFC4SR) (백만 국내 통화) > 432017.972 > -",20344.861,,data,0,데이터,16,12,1,none,,DITTO_FILLED
남아메리카,2026.03,"과테말라 > 자산, 중앙 정부 채권(OFCS) (백만 국내 통화) > 165048.595 > -",4928.418,,data,0,데이터,16,13,1,none,,DITTO_FILLED
남아메리카,2026.03,"과테말라 > 자산, 예금취급기관 채권(OFCS) (백만 국내 통화) > 99035.209 > -",4117.453,,data,0,데이터,16,14,1,none,,DITTO_FILLED
남아메리카,2026.03,"과테말라 > 자산, 비거주자 채권(OFCS) (백만 국내 통화) > 102884.074 > -",81.855,,data,0,데이터,16,15,1,none,,DITTO_FILLED
남아메리카,2026.03,"과테말라 > 자산, 기타 부문 채권(OFCS) (백만 국내 통화) > 30463.344 > -",6103.495,,data,0,데이터,16,16,1,none,,DITTO_FILLED
남아메리카,2026.03,"과테말라 > 자산, 민간 부문 채권(OFCS) (백만 국내 통화) > 30462.552 > -",6103.495,,data,0,데이터,16,17,1,none,,DITTO_FILLED
남아메리카,2026.03,"과테말라 > 자산, 공공 비금융기관 채권(OFCS) (백만 국내 통화) > 0.792 > -",,,data,0,데이터,16,18,1,none,,DITTO_FILLED
남아메리카,2026.03,"과테말라 > 자산, 국제 유동성, 비거주자 채권(OFC4SR) (백만 USD) > 272.786 > -",10.705,,data,0,데이터,16,20,1,none,,DITTO_FILLED
남아메리카,2026.04,"과테말라 > 자산, 총액(OFC4SR) (백만 국내 통화) > - > 16683.598",20355.44,,data,0,데이터,16,21,1,none,,DITTO_FILLED
남아메리카,2026.04,"과테말라 > 자산, 중앙 정부 채권(OFCS) (백만 국내 통화) > - > 779.539",4907.834,,data,0,데이터,16,22,1,none,,DITTO_FILLED
남아메리카,2026.04,"과테말라 > 자산, 예금취급기관 채권(OFCS) (백만 국내 통화) > - > 1840.207",4177.142,,data,0,데이터,16,23,1,none,,DITTO_FILLED
남아메리카,2026.04,"과테말라 > 자산, 비거주자 채권(OFCS) (백만 국내 통화) > - > 276.868",79.154,,data,0,데이터,16,24,1,none,,DITTO_FILLED
남아메리카,2026.04,"과테말라 > 자산, 기타 부문 채권(OFCS) (백만 국내 통화) > - > 2690.702",6018.231,,data,0,데이터,16,25,1,none,,DITTO_FILLED
남아메리카,2026.04,"과테말라 > 자산, 민간 부문 채권(OFCS) (백만 국내 통화) > - > 2690.702",6018.231,,data,0,데이터,16,26,1,none,,DITTO_FILLED
남아메리카,2026.04,"과테말라 > 자산, 국제 유동성, 비거주자 채권(OFC4SR) (백만 USD) > - > 162.863",10.366,,data,0,데이터,16,28,1,none,,DITTO_FILLED
남아메리카,2026.02,"가이아나 > 자산, 총액(OFC4SR) (백만 국내 통화) > 434230.845 > -",403087.402,,data,0,데이터,17,3,1,none,,DITTO_FILLED
남아메리카,2026.02,"가이아나 > 자산, 중앙 정부 채권(OFCS) (백만 국내 통화) > 179176.299 > -",2921.759,,data,0,데이터,17,4,1,none,,DITTO_FILLED
남아메리카,2026.02,"가이아나 > 자산, 예금취급기관 채권(OFCS) (백만 국내 통화) > 90262.127 > -",38391.086,,data,0,데이터,17,5,1,none,,DITTO_FILLED
남아메리카,2026.02,"가이아나 > 자산, 비거주자 채권(OFCS) (백만 국내 통화) > 101366.563 > -",45060.665,,data,0,데이터,17,6,1,none,,DITTO_FILLED
남아메리카,2026.02,"가이아나 > 자산, 기타 부문 채권(OFCS) (백만 국내 통화) > 25684.58 > -",241165.185,,data,0,데이터,17,7,1,none,,DITTO_FILLED
남아메리카,2026.02,"가이아나 > 자산, 민간 부문 채권(OFCS) (백만 국내 통화) > 25684.28 > -",240644.816,,data,0,데이터,17,8,1,none,,DITTO_FILLED
남아메리카,2026.02,"가이아나 > 자산, 공공 비금융기관 채권(OFCS) (백만 국내 통화) > 0.3 > -",89.148,,data,0,데이터,17,9,1,none,,DITTO_FILLED
남아메리카,2026.02,"가이아나 > 자산, 지방 정부 채권(OFCS) (백만 국내 통화) > - > -",431.221,,data,0,데이터,17,10,1,none,,DITTO_FILLED
남아메리카,2026.02,"가이아나 > 자산, 국제 유동성, 비거주자 채권(OFC4SR) (백만 USD) > 268.877 > -",216.118,,data,0,데이터,17,11,1,none,,DITTO_FILLED
남아메리카,2026.03,"가이아나 > 자산, 총액(OFC4SR) (백만 국내 통화) > 432017.972 > -",405163.373,,data,0,데이터,17,12,1,none,,DITTO_FILLED
남아메리카,2026.03,"가이아나 > 자산, 중앙 정부 채권(OFCS) (백만 국내 통화) > 165048.595 > -",351.956,,data,0,데이터,17,13,1,none,,DITTO_FILLED
남아메리카,2026.03,"가이아나 > 자산, 예금취급기관 채권(OFCS) (백만 국내 통화) > 99035.209 > -",39695.086,,data,0,데이터,17,14,1,none,,DITTO_FILLED
남아메리카,2026.03,"가이아나 > 자산, 비거주자 채권(OFCS) (백만 국내 통화) > 102884.074 > -",46535.032,,data,0,데이터,17,15,1,none,,DITTO_FILLED
남아메리카,2026.03,"가이아나 > 자산, 기타 부문 채권(OFCS) (백만 국내 통화) > 30463.344 > -",240638.138,,data,0,데이터,17,16,1,none,,DITTO_FILLED
남아메리카,2026.03,"가이아나 > 자산, 민간 부문 채권(OFCS) (백만 국내 통화) > 30462.552 > -",240365.13,,data,0,데이터,17,17,1,none,,DITTO_FILLED
남아메리카,2026.03,"가이아나 > 자산, 공공 비금융기관 채권(OFCS) (백만 국내 통화) > 0.792 > -",89.148,,data,0,데이터,17,18,1,none,,DITTO_FILLED
남아메리카,2026.03,"가이아나 > 자산, 지방 정부 채권(OFCS) (백만 국내 통화) > - > -",183.86,,data,0,데이터,17,19,1,none,,DITTO_FILLED
남아메리카,2026.03,"가이아나 > 자산, 국제 유동성, 비거주자 채권(OFC4SR) (백만 USD) > 272.786 > -",223.19,,data,0,데이터,17,20,1,none,,DITTO_FILLED
남아메리카,2026.02,"온두라스 > 자산, 총액(OFC4SR) (백만 국내 통화) > 434230.845 > -",241430.078,,data,0,데이터,18,3,1,none,,DITTO_FILLED
남아메리카,2026.02,"온두라스 > 자산, 중앙 정부 채권(OFCS) (백만 국내 통화) > 179176.299 > -",32585.586,,data,0,데이터,18,4,1,none,,DITTO_FILLED
남아메리카,2026.02,"온두라스 > 자산, 예금취급기관 채권(OFCS) (백만 국내 통화) > 90262.127 > -",137591.826,,data,0,데이터,18,5,1,none,,DITTO_FILLED
남아메리카,2026.02,"온두라스 > 자산, 비거주자 채권(OFCS) (백만 국내 통화) > 101366.563 > -",34449.049,,data,0,데이터,18,6,1,none,,DITTO_FILLED
남아메리카,2026.02,"온두라스 > 자산, 기타 부문 채권(OFCS) (백만 국내 통화) > 25684.58 > -",26954.802,,data,0,데이터,18,7,1,none,,DITTO_FILLED
남아메리카,2026.02,"온두라스 > 자산, 민간 부문 채권(OFCS) (백만 국내 통화) > 25684.28 > -",24027.143,,data,0,데이터,18,8,1,none,,DITTO_FILLED
남아메리카,2026.02,"온두라스 > 자산, 공공 비금융기관 채권(OFCS) (백만 국내 통화) > 0.3 > -",2927.659,,data,0,데이터,18,9,1,none,,DITTO_FILLED
남아메리카,2026.02,"온두라스 > 자산, 국제 유동성, 비거주자 채권(OFC4SR) (백만 USD) > 268.877 > -",1300.298,,data,0,데이터,18,11,1,none,,DITTO_FILLED
남아메리카,2026.03,"온두라스 > 자산, 총액(OFC4SR) (백만 국내 통화) > 432017.972 > -",240287.59,,data,0,데이터,18,12,1,none,,DITTO_FILLED
남아메리카,2026.03,"온두라스 > 자산, 중앙 정부 채권(OFCS) (백만 국내 통화) > 165048.595 > -",34781.154,,data,0,데이터,18,13,1,none,,DITTO_FILLED
남아메리카,2026.03,"온두라스 > 자산, 예금취급기관 채권(OFCS) (백만 국내 통화) > 99035.209 > -",134831.983,,data,0,데이터,18,14,1,none,,DITTO_FILLED
남아메리카,2026.03,"온두라스 > 자산, 비거주자 채권(OFCS) (백만 국내 통화) > 102884.074 > -",33971.25,,data,0,데이터,18,15,1,none,,DITTO_FILLED
남아메리카,2026.03,"온두라스 > 자산, 기타 부문 채권(OFCS) (백만 국내 통화) > 30463.344 > -",27105.138,,data,0,데이터,18,16,1,none,,DITTO_FILLED
남아메리카,2026.03,"온두라스 > 자산, 민간 부문 채권(OFCS) (백만 국내 통화) > 30462.552 > -",24192.598,,data,0,데이터,18,17,1,none,,DITTO_FILLED
남아메리카,2026.03,"온두라스 > 자산, 공공 비금융기관 채권(OFCS) (백만 국내 통화) > 0.792 > -",2912.54,,data,0,데이터,18,18,1,none,,DITTO_FILLED
남아메리카,2026.03,"온두라스 > 자산, 국제 유동성, 비거주자 채권(OFC4SR) (백만 USD) > 272.786 > -",1278.889,,data,0,데이터,18,20,1,none,,DITTO_FILLED
유럽,2026.02,"북마케도니아 > 자산, 총액(OFC4SR) (백만 국내 통화) > 434230.845 > -",,,data,0,데이터,19,3,1,none,,
유럽,2026.02,"북마케도니아 > 자산, 중앙 정부 채권(OFCS) (백만 국내 통화) > 179176.299 > -",,,data,0,데이터,19,4,1,none,,
유럽,2026.02,"북마케도니아 > 자산, 예금취급기관 채권(OFCS) (백만 국내 통화) > 90262.127 > -",,,data,0,데이터,19,5,1,none,,
유럽,2026.02,"북마케도니아 > 자산, 비거주자 채권(OFCS) (백만 국내 통화) > 101366.563 > -",,,data,0,데이터,19,6,1,none,,
유럽,2026.02,"북마케도니아 > 자산, 기타 부문 채권(OFCS) (백만 국내 통화) > 25684.58 > -",,,data,0,데이터,19,7,1,none,,
유럽,2026.02,"북마케도니아 > 자산, 민간 부문 채권(OFCS) (백만 국내 통화) > 25684.28 > -",,,data,0,데이터,19,8,1,none,,
유럽,2026.02,"북마케도니아 > 자산, 공공 비금융기관 채권(OFCS) (백만 국내 통화) > 0.3 > -",,,data,0,데이터,19,9,1,none,,
유럽,2026.02,"북마케도니아 > 자산, 국제 유동성, 비거주자 채권(OFC4SR) (백만 USD) > 268.877 > -",,,data,0,데이터,19,11,1,none,,
유럽,2026.03,"북마케도니아 > 자산, 총액(OFC4SR) (백만 국내 통화) > 432017.972 > -",313195.0,,data,0,데이터,19,12,1,none,,
유럽,2026.03,"북마케도니아 > 자산, 중앙 정부 채권(OFCS) (백만 국내 통화) > 165048.595 > -",152432.172,,data,0,데이터,19,13,1,none,,
유럽,2026.03,"북마케도니아 > 자산, 예금취급기관 채권(OFCS) (백만 국내 통화) > 99035.209 > -",21584.853,,data,0,데이터,19,14,1,none,,
유럽,2026.03,"북마케도니아 > 자산, 비거주자 채권(OFCS) (백만 국내 통화) > 102884.074 > -",84643.201,,data,0,데이터,19,15,1,none,,
유럽,2026.03,"북마케도니아 > 자산, 기타 부문 채권(OFCS) (백만 국내 통화) > 30463.344 > -",32049.162,,data,0,데이터,19,16,1,none,,
유럽,2026.03,"북마케도니아 > 자산, 민간 부문 채권(OFCS) (백만 국내 통화) > 30462.552 > -",31679.385,,data,0,데이터,19,17,1,none,,
유럽,2026.03,"북마케도니아 > 자산, 공공 비금융기관 채권(OFCS) (백만 국내 통화) > 0.792 > -",363.775,,data,0,데이터,19,18,1,none,,
유럽,2026.03,"북마케도니아 > 자산, 지방 정부 채권(OFCS) (백만 국내 통화) > - > -",6.002,,data,0,데이터,19,19,1,none,,
유럽,2026.03,"북마케도니아 > 자산, 국제 유동성, 비거주자 채권(OFC4SR) (백만 USD) > 272.786 > -",,,data,0,데이터,19,20,1,none,,
아프리카,2026.02,"앙골라 > 자산, 총액(OFC4SR) (백만 국내 통화) > 434230.845 > -",5052071.96,,data,0,데이터,20,3,1,none,,
아프리카,2026.02,"앙골라 > 자산, 중앙 정부 채권(OFCS) (백만 국내 통화) > 179176.299 > -",1100206.33,,data,0,데이터,20,4,1,none,,
아프리카,2026.02,"앙골라 > 자산, 예금취급기관 채권(OFCS) (백만 국내 통화) > 90262.127 > -",1234750.98,,data,0,데이터,20,5,1,none,,
아프리카,2026.02,"앙골라 > 자산, 비거주자 채권(OFCS) (백만 국내 통화) > 101366.563 > -",203735.43,,data,0,데이터,20,6,1,none,,
아프리카,2026.02,"앙골라 > 자산, 기타 부문 채권(OFCS) (백만 국내 통화) > 25684.58 > -",1052645.8,,data,0,데이터,20,7,1,none,,
아프리카,2026.02,"앙골라 > 자산, 민간 부문 채권(OFCS) (백만 국내 통화) > 25684.28 > -",1047277.44,,data,0,데이터,20,8,1,none,,
아프리카,2026.02,"앙골라 > 자산, 공공 비금융기관 채권(OFCS) (백만 국내 통화) > 0.3 > -",5368.36,,data,0,데이터,20,9,1,none,,
아프리카,2026.02,"앙골라 > 자산, 국제 유동성, 비거주자 채권(OFC4SR) (백만 USD) > 268.877 > -",223.362,,data,0,데이터,20,11,1,none,,
아프리카,2026.03,"앙골라 > 자산, 총액(OFC4SR) (백만 국내 통화) > 432017.972 > -",5057350.23,,data,0,데이터,20,12,1,none,,
아프리카,2026.03,"앙골라 > 자산, 중앙 정부 채권(OFCS) (백만 국내 통화) > 165048.595 > -",1124992.2,,data,0,데이터,20,13,1,none,,
아프리카,2026.03,"앙골라 > 자산, 예금취급기관 채권(OFCS) (백만 국내 통화) > 99035.209 > -",1206500.23,,data,0,데이터,20,14,1,none,,
아프리카,2026.03,"앙골라 > 자산, 비거주자 채권(OFCS) (백만 국내 통화) > 102884.074 > -",207239.86,,data,0,데이터,20,15,1,none,,
아프리카,2026.03,"앙골라 > 자산, 기타 부문 채권(OFCS) (백만 국내 통화) > 30463.344 > -",1128202.63,,data,0,데이터,20,16,1,none,,
아프리카,2026.03,"앙골라 > 자산, 민간 부문 채권(OFCS) (백만 국내 통화) > 30462.552 > -",1122776.36,,data,0,데이터,20,17,1,none,,
아프리카,2026.03,"앙골라 > 자산, 공공 비금융기관 채권(OFCS) (백만 국내 통화) > 0.792 > -",5426.27,,data,0,데이터,20,18,1,none,,
아프리카,2026.03,"앙골라 > 자산, 국제 유동성, 비거주자 채권(OFC4SR) (백만 USD) > 272.786 > -",227.204,,data,0,데이터,20,20,1,none,,
아프리카,2026.04,"앙골라 > 자산, 총액(OFC4SR) (백만 국내 통화) > - > 16683.598",5155287.74,,data,0,데이터,20,21,1,none,,
아프리카,2026.04,"앙골라 > 자산, 중앙 정부 채권(OFCS) (백만 국내 통화) > - > 779.539",1148549.59,,data,0,데이터,20,22,1,none,,
아프리카,2026.04,"앙골라 > 자산, 예금취급기관 채권(OFCS) (백만 국내 통화) > - > 1840.207",1209436.04,,data,0,데이터,20,23,1,none,,
아프리카,2026.04,"앙골라 > 자산, 비거주자 채권(OFCS) (백만 국내 통화) > - > 276.868",198575.12,,data,0,데이터,20,24,1,none,,
아프리카,2026.04,"앙골라 > 자산, 기타 부문 채권(OFCS) (백만 국내 통화) > - > 2690.702",1206073.86,,data,0,데이터,20,25,1,none,,
아프리카,2026.04,"앙골라 > 자산, 민간 부문 채권(OFCS) (백만 국내 통화) > - > 2690.702",1200647.59,,data,0,데이터,20,26,1,none,,
아프리카,2026.04,"앙골라 > 자산, 공공 비금융기관 채권(OFCS) (백만 국내 통화) > - > -",5426.27,,data,0,데이터,20,27,1,none,,
아프리카,2026.04,"앙골라 > 자산, 국제 유동성, 비거주자 채권(OFC4SR) (백만 USD) > - > 162.863",217.47,,data,0,데이터,20,28,1,none,,
아프리카,2026.02,"부룬디 > 자산, 총액(OFC4SR) (백만 국내 통화) > 434230.845 > -",549046.5,,data,0,데이터,21,3,1,none,,DITTO_FILLED
아프리카,2026.02,"부룬디 > 자산, 중앙 정부 채권(OFCS) (백만 국내 통화) > 179176.299 > -",31400.5,,data,0,데이터,21,4,1,none,,DITTO_FILLED
아프리카,2026.02,"부룬디 > 자산, 예금취급기관 채권(OFCS) (백만 국내 통화) > 90262.127 > -",111820.6,,data,0,데이터,21,5,1,none,,DITTO_FILLED
아프리카,2026.02,"부룬디 > 자산, 비거주자 채권(OFCS) (백만 국내 통화) > 101366.563 > -",23322.9,,data,0,데이터,21,6,1,none,,DITTO_FILLED
아프리카,2026.02,"부룬디 > 자산, 기타 부문 채권(OFCS) (백만 국내 통화) > 25684.58 > -",264694.8,,data,0,데이터,21,7,1,none,,DITTO_FILLED
아프리카,2026.02,"부룬디 > 자산, 민간 부문 채권(OFCS) (백만 국내 통화) > 25684.28 > -",264693.8,,data,0,데이터,21,8,1,none,,DITTO_FILLED
아프리카,2026.02,"부룬디 > 자산, 공공 비금융기관 채권(OFCS) (백만 국내 통화) > 0.3 > -",1.0,,data,0,데이터,21,9,1,none,,DITTO_FILLED
아프리카,2026.02,"부룬디 > 자산, 국제 유동성, 비거주자 채권(OFC4SR) (백만 USD) > 268.877 > -",7.83,,data,0,데이터,21,11,1,none,,DITTO_FILLED
아프리카,2026.03,"부룬디 > 자산, 총액(OFC4SR) (백만 국내 통화) > 432017.972 > -",,,data,0,데이터,21,12,1,none,,DITTO_FILLED
아프리카,2026.03,"부룬디 > 자산, 중앙 정부 채권(OFCS) (백만 국내 통화) > 165048.595 > -",,,data,0,데이터,21,13,1,none,,DITTO_FILLED
아프리카,2026.03,"부룬디 > 자산, 예금취급기관 채권(OFCS) (백만 국내 통화) > 99035.209 > -",,,data,0,데이터,21,14,1,none,,DITTO_FILLED
아프리카,2026.03,"부룬디 > 자산, 비거주자 채권(OFCS) (백만 국내 통화) > 102884.074 > -",,,data,0,데이터,21,15,1,none,,DITTO_FILLED
아프리카,2026.03,"부룬디 > 자산, 기타 부문 채권(OFCS) (백만 국내 통화) > 30463.344 > -",,,data,0,데이터,21,16,1,none,,DITTO_FILLED
아프리카,2026.03,"부룬디 > 자산, 민간 부문 채권(OFCS) (백만 국내 통화) > 30462.552 > -",,,data,0,데이터,21,17,1,none,,DITTO_FILLED
아프리카,2026.03,"부룬디 > 자산, 공공 비금융기관 채권(OFCS) (백만 국내 통화) > 0.792 > -",,,data,0,데이터,21,18,1,none,,DITTO_FILLED
아프리카,2026.03,"부룬디 > 자산, 국제 유동성, 비거주자 채권(OFC4SR) (백만 USD) > 272.786 > -",,,data,0,데이터,21,20,1,none,,DITTO_FILLED
아프리카,2026.02,"나이지리아 > 자산, 총액(OFC4SR) (백만 국내 통화) > 434230.845 > -",29426301.31,,data,0,데이터,22,3,1,none,,DITTO_FILLED
아프리카,2026.02,"나이지리아 > 자산, 중앙 정부 채권(OFCS) (백만 국내 통화) > 179176.299 > -",16926234.54,,data,0,데이터,22,4,1,none,,DITTO_FILLED
아프리카,2026.02,"나이지리아 > 자산, 예금취급기관 채권(OFCS) (백만 국내 통화) > 90262.127 > -",3155092.35,,data,0,데이터,22,5,1,none,,DITTO_FILLED
아프리카,2026.02,"나이지리아 > 자산, 비거주자 채권(OFCS) (백만 국내 통화) > 101366.563 > -",333678.58,,data,0,데이터,22,6,1,none,,DITTO_FILLED
아프리카,2026.02,"나이지리아 > 자산, 기타 부문 채권(OFCS) (백만 국내 통화) > 25684.58 > -",2877241.8,,data,0,데이터,22,7,1,none,,DITTO_FILLED
아프리카,2026.02,"나이지리아 > 자산, 민간 부문 채권(OFCS) (백만 국내 통화) > 25684.28 > -",2508251.33,,data,0,데이터,22,8,1,none,,DITTO_FILLED
아프리카,2026.02,"나이지리아 > 자산, 공공 비금융기관 채권(OFCS) (백만 국내 통화) > 0.3 > -",,,data,0,데이터,22,9,1,none,,DITTO_FILLED
아프리카,2026.02,"나이지리아 > 자산, 지방 정부 채권(OFCS) (백만 국내 통화) > - > -",368990.47,,data,0,데이터,22,10,1,none,,DITTO_FILLED
아프리카,2026.02,"나이지리아 > 자산, 국제 유동성, 비거주자 채권(OFC4SR) (백만 USD) > 268.877 > -",,,data,0,데이터,22,11,1,none,,DITTO_FILLED
아프리카,2026.03,"나이지리아 > 자산, 총액(OFC4SR) (백만 국내 통화) > 432017.972 > -",29517700.74,,data,0,데이터,22,12,1,none,,DITTO_FILLED
아프리카,2026.03,"나이지리아 > 자산, 중앙 정부 채권(OFCS) (백만 국내 통화) > 165048.595 > -",17143788.02,,data,0,데이터,22,13,1,none,,DITTO_FILLED
아프리카,2026.03,"나이지리아 > 자산, 예금취급기관 채권(OFCS) (백만 국내 통화) > 99035.209 > -",2970417.01,,data,0,데이터,22,14,1,none,,DITTO_FILLED
아프리카,2026.03,"나이지리아 > 자산, 비거주자 채권(OFCS) (백만 국내 통화) > 102884.074 > -",324378.57,,data,0,데이터,22,15,1,none,,DITTO_FILLED
아프리카,2026.03,"나이지리아 > 자산, 기타 부문 채권(OFCS) (백만 국내 통화) > 30463.344 > -",2881625.79,,data,0,데이터,22,16,1,none,,DITTO_FILLED
아프리카,2026.03,"나이지리아 > 자산, 민간 부문 채권(OFCS) (백만 국내 통화) > 30462.552 > -",2508316.4,,data,0,데이터,22,17,1,none,,DITTO_FILLED
아프리카,2026.03,"나이지리아 > 자산, 공공 비금융기관 채권(OFCS) (백만 국내 통화) > 0.792 > -",,,data,0,데이터,22,18,1,none,,DITTO_FILLED
아프리카,2026.03,"나이지리아 > 자산, 지방 정부 채권(OFCS) (백만 국내 통화) > - > -",373309.39,,data,0,데이터,22,19,1,none,,DITTO_FILLED
아프리카,2026.03,"나이지리아 > 자산, 국제 유동성, 비거주자 채권(OFC4SR) (백만 USD) > 272.786 > -",,,data,0,데이터,22,20,1,none,,DITTO_FILLED
아프리카,2026.02,"세이셸 > 자산, 총액(OFC4SR) (백만 국내 통화) > 434230.845 > -",2058.06,,data,0,데이터,23,3,1,none,,DITTO_FILLED
아프리카,2026.02,"세이셸 > 자산, 중앙 정부 채권(OFCS) (백만 국내 통화) > 179176.299 > -",,,data,0,데이터,23,4,1,none,,DITTO_FILLED
아프리카,2026.02,"세이셸 > 자산, 예금취급기관 채권(OFCS) (백만 국내 통화) > 90262.127 > -",296.188,,data,0,데이터,23,5,1,none,,DITTO_FILLED
아프리카,2026.02,"세이셸 > 자산, 비거주자 채권(OFCS) (백만 국내 통화) > 101366.563 > -",,,data,0,데이터,23,6,1,none,,DITTO_FILLED
아프리카,2026.02,"세이셸 > 자산, 기타 부문 채권(OFCS) (백만 국내 통화) > 25684.58 > -",1639.219,,data,0,데이터,23,7,1,none,,DITTO_FILLED
아프리카,2026.02,"세이셸 > 자산, 민간 부문 채권(OFCS) (백만 국내 통화) > 25684.28 > -",1639.219,,data,0,데이터,23,8,1,none,,DITTO_FILLED
아프리카,2026.02,"세이셸 > 자산, 공공 비금융기관 채권(OFCS) (백만 국내 통화) > 0.3 > -",,,data,0,데이터,23,9,1,none,,DITTO_FILLED
아프리카,2026.02,"세이셸 > 자산, 국제 유동성, 비거주자 채권(OFC4SR) (백만 USD) > 268.877 > -",,,data,0,데이터,23,11,1,none,,DITTO_FILLED
아프리카,2026.03,"세이셸 > 자산, 총액(OFC4SR) (백만 국내 통화) > 432017.972 > -",2072.765,,data,0,데이터,23,12,1,none,,DITTO_FILLED
아프리카,2026.03,"세이셸 > 자산, 중앙 정부 채권(OFCS) (백만 국내 통화) > 165048.595 > -",,,data,0,데이터,23,13,1,none,,DITTO_FILLED
아프리카,2026.03,"세이셸 > 자산, 예금취급기관 채권(OFCS) (백만 국내 통화) > 99035.209 > -",293.39,,data,0,데이터,23,14,1,none,,DITTO_FILLED
아프리카,2026.03,"세이셸 > 자산, 비거주자 채권(OFCS) (백만 국내 통화) > 102884.074 > -",,,data,0,데이터,23,15,1,none,,DITTO_FILLED
아프리카,2026.03,"세이셸 > 자산, 기타 부문 채권(OFCS) (백만 국내 통화) > 30463.344 > -",1641.834,,data,0,데이터,23,16,1,none,,DITTO_FILLED
아프리카,2026.03,"세이셸 > 자산, 민간 부문 채권(OFCS) (백만 국내 통화) > 30462.552 > -",1641.834,,data,0,데이터,23,17,1,none,,DITTO_FILLED
아프리카,2026.03,"세이셸 > 자산, 공공 비금융기관 채권(OFCS) (백만 국내 통화) > 0.792 > -",,,data,0,데이터,23,18,1,none,,DITTO_FILLED
아프리카,2026.03,"세이셸 > 자산, 국제 유동성, 비거주자 채권(OFC4SR) (백만 USD) > 272.786 > -",,,data,0,데이터,23,20,1,none,,DITTO_FILLED
아프리카,2026.04,"세이셸 > 자산, 총액(OFC4SR) (백만 국내 통화) > - > 16683.598",2066.326,,data,0,데이터,23,21,1,none,,DITTO_FILLED
아프리카,2026.04,"세이셸 > 자산, 예금취급기관 채권(OFCS) (백만 국내 통화) > - > 1840.207",277.955,,data,0,데이터,23,23,1,none,,DITTO_FILLED
아프리카,2026.04,"세이셸 > 자산, 기타 부문 채권(OFCS) (백만 국내 통화) > - > 2690.702",1652.665,,data,0,데이터,23,25,1,none,,DITTO_FILLED
아프리카,2026.04,"세이셸 > 자산, 민간 부문 채권(OFCS) (백만 국내 통화) > - > 2690.702",1652.665,,data,0,데이터,23,26,1,none,,DITTO_FILLED
오세아니아,2026.02,"오스트레일리아 > 자산, 총액(OFC4SR) (백만 국내 통화) > 434230.845 > -",505706.002,,data,0,데이터,24,3,1,none,,
오세아니아,2026.02,"오스트레일리아 > 자산, 중앙 정부 채권(OFCS) (백만 국내 통화) > 179176.299 > -",45.584,,data,0,데이터,24,4,1,none,,
오세아니아,2026.02,"오스트레일리아 > 자산, 예금취급기관 채권(OFCS) (백만 국내 통화) > 90262.127 > -",69877.927,,data,0,데이터,24,5,1,none,,
오세아니아,2026.02,"오스트레일리아 > 자산, 비거주자 채권(OFCS) (백만 국내 통화) > 101366.563 > -",41393.378,,data,0,데이터,24,6,1,none,,
오세아니아,2026.02,"오스트레일리아 > 자산, 기타 부문 채권(OFCS) (백만 국내 통화) > 25684.58 > -",352621.105,,data,0,데이터,24,7,1,none,,
오세아니아,2026.02,"오스트레일리아 > 자산, 민간 부문 채권(OFCS) (백만 국내 통화) > 25684.28 > -",351377.698,,data,0,데이터,24,8,1,none,,
오세아니아,2026.02,"오스트레일리아 > 자산, 공공 비금융기관 채권(OFCS) (백만 국내 통화) > 0.3 > -",904.753,,data,0,데이터,24,9,1,none,,
오세아니아,2026.02,"오스트레일리아 > 자산, 지방 정부 채권(OFCS) (백만 국내 통화) > - > -",338.654,,data,0,데이터,24,10,1,none,,
오세아니아,2026.02,"오스트레일리아 > 자산, 국제 유동성, 비거주자 채권(OFC4SR) (백만 USD) > 268.877 > -",,,data,0,데이터,24,11,1,none,,
오세아니아,2026.03,"오스트레일리아 > 자산, 총액(OFC4SR) (백만 국내 통화) > 432017.972 > -",509552.877,,data,0,데이터,24,12,1,none,,
오세아니아,2026.03,"오스트레일리아 > 자산, 중앙 정부 채권(OFCS) (백만 국내 통화) > 165048.595 > -",42.536,,data,0,데이터,24,13,1,none,,
오세아니아,2026.03,"오스트레일리아 > 자산, 예금취급기관 채권(OFCS) (백만 국내 통화) > 99035.209 > -",72758.997,,data,0,데이터,24,14,1,none,,
오세아니아,2026.03,"오스트레일리아 > 자산, 비거주자 채권(OFCS) (백만 국내 통화) > 102884.074 > -",43696.232,,data,0,데이터,24,15,1,none,,
오세아니아,2026.03,"오스트레일리아 > 자산, 기타 부문 채권(OFCS) (백만 국내 통화) > 30463.344 > -",351867.551,,data,0,데이터,24,16,1,none,,
오세아니아,2026.03,"오스트레일리아 > 자산, 민간 부문 채권(OFCS) (백만 국내 통화) > 30462.552 > -",350778.401,,data,0,데이터,24,17,1,none,,
오세아니아,2026.03,"오스트레일리아 > 자산, 공공 비금융기관 채권(OFCS) (백만 국내 통화) > 0.792 > -",728.804,,data,0,데이터,24,18,1,none,,
오세아니아,2026.03,"오스트레일리아 > 자산, 지방 정부 채권(OFCS) (백만 국내 통화) > - > -",360.345,,data,0,데이터,24,19,1,none,,
오세아니아,2026.03,"오스트레일리아 > 자산, 국제 유동성, 비거주자 채권(OFC4SR) (백만 USD) > 272.786 > -",,,data,0,데이터,24,20,1,none,,
오세아니아,2026.02,"뉴질랜드 > 자산, 총액(OFC4SR) (백만 국내 통화) > 434230.845 > -",,,data,0,데이터,25,3,1,none,,DITTO_FILLED
오세아니아,2026.02,"뉴질랜드 > 자산, 중앙 정부 채권(OFCS) (백만 국내 통화) > 179176.299 > -",,,data,0,데이터,25,4,1,none,,DITTO_FILLED
오세아니아,2026.02,"뉴질랜드 > 자산, 예금취급기관 채권(OFCS) (백만 국내 통화) > 90262.127 > -",,,data,0,데이터,25,5,1,none,,DITTO_FILLED
오세아니아,2026.02,"뉴질랜드 > 자산, 비거주자 채권(OFCS) (백만 국내 통화) > 101366.563 > -",,,data,0,데이터,25,6,1,none,,DITTO_FILLED
오세아니아,2026.02,"뉴질랜드 > 자산, 기타 부문 채권(OFCS) (백만 국내 통화) > 25684.58 > -",,,data,0,데이터,25,7,1,none,,DITTO_FILLED
오세아니아,2026.02,"뉴질랜드 > 자산, 민간 부문 채권(OFCS) (백만 국내 통화) > 25684.28 > -",,,data,0,데이터,25,8,1,none,,DITTO_FILLED
오세아니아,2026.02,"뉴질랜드 > 자산, 공공 비금융기관 채권(OFCS) (백만 국내 통화) > 0.3 > -",,,data,0,데이터,25,9,1,none,,DITTO_FILLED
오세아니아,2026.02,"뉴질랜드 > 자산, 국제 유동성, 비거주자 채권(OFC4SR) (백만 USD) > 268.877 > -",,,data,0,데이터,25,11,1,none,,DITTO_FILLED
오세아니아,2026.03,"뉴질랜드 > 자산, 총액(OFC4SR) (백만 국내 통화) > 432017.972 > -",533495.3,,data,0,데이터,25,12,1,none,,DITTO_FILLED
오세아니아,2026.03,"뉴질랜드 > 자산, 중앙 정부 채권(OFCS) (백만 국내 통화) > 165048.595 > -",21861.8,,data,0,데이터,25,13,1,none,,DITTO_FILLED
오세아니아,2026.03,"뉴질랜드 > 자산, 예금취급기관 채권(OFCS) (백만 국내 통화) > 99035.209 > -",55074.8,,data,0,데이터,25,14,1,none,,DITTO_FILLED
오세아니아,2026.03,"뉴질랜드 > 자산, 비거주자 채권(OFCS) (백만 국내 통화) > 102884.074 > -",197189.6,,data,0,데이터,25,15,1,none,,DITTO_FILLED
오세아니아,2026.03,"뉴질랜드 > 자산, 기타 부문 채권(OFCS) (백만 국내 통화) > 30463.344 > -",65935.8,,data,0,데이터,25,16,1,none,,DITTO_FILLED
오세아니아,2026.03,"뉴질랜드 > 자산, 민간 부문 채권(OFCS) (백만 국내 통화) > 30462.552 > -",59331.2,,data,0,데이터,25,17,1,none,,DITTO_FILLED
오세아니아,2026.03,"뉴질랜드 > 자산, 공공 비금융기관 채권(OFCS) (백만 국내 통화) > 0.792 > -",,,data,0,데이터,25,18,1,none,,DITTO_FILLED
오세아니아,2026.03,"뉴질랜드 > 자산, 지방 정부 채권(OFCS) (백만 국내 통화) > - > -",6604.6,,data,0,데이터,25,19,1,none,,DITTO_FILLED
오세아니아,2026.03,"뉴질랜드 > 자산, 국제 유동성, 비거주자 채권(OFC4SR) (백만 USD) > 272.786 > -",112861.468,,data,0,데이터,25,20,1,none,,DITTO_FILLED
오세아니아,2026.02,"사모아 > 자산, 총액(OFC4SR) (백만 국내 통화) > 434230.845 > -",2130.773,,data,0,데이터,26,3,1,none,,DITTO_FILLED
오세아니아,2026.02,"사모아 > 자산, 중앙 정부 채권(OFCS) (백만 국내 통화) > 179176.299 > -",63.731,,data,0,데이터,26,4,1,none,,DITTO_FILLED
오세아니아,2026.02,"사모아 > 자산, 예금취급기관 채권(OFCS) (백만 국내 통화) > 90262.127 > -",195.93,,data,0,데이터,26,5,1,none,,DITTO_FILLED
오세아니아,2026.02,"사모아 > 자산, 비거주자 채권(OFCS) (백만 국내 통화) > 101366.563 > -",312.152,,data,0,데이터,26,6,1,none,,DITTO_FILLED
오세아니아,2026.02,"사모아 > 자산, 기타 부문 채권(OFCS) (백만 국내 통화) > 25684.58 > -",1203.349,,data,0,데이터,26,7,1,none,,DITTO_FILLED
오세아니아,2026.02,"사모아 > 자산, 민간 부문 채권(OFCS) (백만 국내 통화) > 25684.28 > -",1113.687,,data,0,데이터,26,8,1,none,,DITTO_FILLED
오세아니아,2026.02,"사모아 > 자산, 공공 비금융기관 채권(OFCS) (백만 국내 통화) > 0.3 > -",89.661,,data,0,데이터,26,9,1,none,,DITTO_FILLED
오세아니아,2026.02,"사모아 > 자산, 국제 유동성, 비거주자 채권(OFC4SR) (백만 USD) > 268.877 > -",,,data,0,데이터,26,11,1,none,,DITTO_FILLED
오세아니아,2026.03,"사모아 > 자산, 총액(OFC4SR) (백만 국내 통화) > 432017.972 > -",2155.147,,data,0,데이터,26,12,1,none,,DITTO_FILLED
오세아니아,2026.03,"사모아 > 자산, 중앙 정부 채권(OFCS) (백만 국내 통화) > 165048.595 > -",63.79,,data,0,데이터,26,13,1,none,,DITTO_FILLED
오세아니아,2026.03,"사모아 > 자산, 예금취급기관 채권(OFCS) (백만 국내 통화) > 99035.209 > -",204.414,,data,0,데이터,26,14,1,none,,DITTO_FILLED
오세아니아,2026.03,"사모아 > 자산, 비거주자 채권(OFCS) (백만 국내 통화) > 102884.074 > -",330.352,,data,0,데이터,26,15,1,none,,DITTO_FILLED
오세아니아,2026.03,"사모아 > 자산, 기타 부문 채권(OFCS) (백만 국내 통화) > 30463.344 > -",1201.589,,data,0,데이터,26,16,1,none,,DITTO_FILLED
오세아니아,2026.03,"사모아 > 자산, 민간 부문 채권(OFCS) (백만 국내 통화) > 30462.552 > -",1112.295,,data,0,데이터,26,17,1,none,,DITTO_FILLED
오세아니아,2026.03,"사모아 > 자산, 공공 비금융기관 채권(OFCS) (백만 국내 통화) > 0.792 > -",89.293,,data,0,데이터,26,18,1,none,,DITTO_FILLED
오세아니아,2026.03,"사모아 > 자산, 국제 유동성, 비거주자 채권(OFC4SR) (백만 USD) > 272.786 > -",,,data,0,데이터,26,20,1,none,,DITTO_FILLED
오세아니아,2026.02,"솔로몬제도 > 자산, 총액(OFC4SR) (백만 국내 통화) > 434230.845 > -",5080.057,,data,0,데이터,27,3,1,none,,DITTO_FILLED
오세아니아,2026.02,"솔로몬제도 > 자산, 중앙 정부 채권(OFCS) (백만 국내 통화) > 179176.299 > -",721.254,,data,0,데이터,27,4,1,none,,DITTO_FILLED
오세아니아,2026.02,"솔로몬제도 > 자산, 예금취급기관 채권(OFCS) (백만 국내 통화) > 90262.127 > -",925.974,,data,0,데이터,27,5,1,none,,DITTO_FILLED
오세아니아,2026.02,"솔로몬제도 > 자산, 비거주자 채권(OFCS) (백만 국내 통화) > 101366.563 > -",555.003,,data,0,데이터,27,6,1,none,,DITTO_FILLED
오세아니아,2026.02,"솔로몬제도 > 자산, 기타 부문 채권(OFCS) (백만 국내 통화) > 25684.58 > -",1851.781,,data,0,데이터,27,7,1,none,,DITTO_FILLED
오세아니아,2026.02,"솔로몬제도 > 자산, 민간 부문 채권(OFCS) (백만 국내 통화) > 25684.28 > -",1611.996,,data,0,데이터,27,8,1,none,,DITTO_FILLED
오세아니아,2026.02,"솔로몬제도 > 자산, 공공 비금융기관 채권(OFCS) (백만 국내 통화) > 0.3 > -",239.785,,data,0,데이터,27,9,1,none,,DITTO_FILLED
오세아니아,2026.02,"솔로몬제도 > 자산, 국제 유동성, 비거주자 채권(OFC4SR) (백만 USD) > 268.877 > -",,,data,0,데이터,27,11,1,none,,DITTO_FILLED
오세아니아,2026.03,"솔로몬제도 > 자산, 총액(OFC4SR) (백만 국내 통화) > 432017.972 > -",5123.066,,data,0,데이터,27,12,1,none,,DITTO_FILLED
오세아니아,2026.03,"솔로몬제도 > 자산, 중앙 정부 채권(OFCS) (백만 국내 통화) > 165048.595 > -",709.612,,data,0,데이터,27,13,1,none,,DITTO_FILLED
오세아니아,2026.03,"솔로몬제도 > 자산, 예금취급기관 채권(OFCS) (백만 국내 통화) > 99035.209 > -",937.872,,data,0,데이터,27,14,1,none,,DITTO_FILLED
오세아니아,2026.03,"솔로몬제도 > 자산, 비거주자 채권(OFCS) (백만 국내 통화) > 102884.074 > -",555.345,,data,0,데이터,27,15,1,none,,DITTO_FILLED
오세아니아,2026.03,"솔로몬제도 > 자산, 기타 부문 채권(OFCS) (백만 국내 통화) > 30463.344 > -",1851.515,,data,0,데이터,27,16,1,none,,DITTO_FILLED
오세아니아,2026.03,"솔로몬제도 > 자산, 민간 부문 채권(OFCS) (백만 국내 통화) > 30462.552 > -",1611.849,,data,0,데이터,27,17,1,none,,DITTO_FILLED
오세아니아,2026.03,"솔로몬제도 > 자산, 공공 비금융기관 채권(OFCS) (백만 국내 통화) > 0.792 > -",239.666,,data,0,데이터,27,18,1,none,,DITTO_FILLED
오세아니아,2026.03,"솔로몬제도 > 자산, 국제 유동성, 비거주자 채권(OFC4SR) (백만 USD) > 272.786 > -",,,data,0,데이터,27,20,1,none,,DITTO_FILLED
